consent_survey.block_1/consentChoice,condition,date,expName,psychopyVersion,OS,frameRate,check_response.started,check_response.stopped,Welcome_Screen.started,Welcome_Screen.stopped,button_start_1.numClicks,button_start_1.timesOn,button_start_1.timesOff,Welcome_Screen2.started,Welcome_Screen2.stopped,button_start_2.numClicks,button_start_2.timesOn,button_start_2.timesOff,feature_question.started,feature_question.stopped,slider_color.response,slider_color.rt,slider_shape.response,slider_shape.rt,slider_tail.response,slider_tail.rt,slider_ear.response,slider_ear.rt,button_continue_feature.numClicks,button_continue_feature.timesOn,button_continue_feature.timesOff,feature_question_feedback.started,feature_question_feedback.stopped,feature_question_feedback_button.numClicks,feature_question_feedback_button.timesOn,feature_question_feedback_button.timesOff,how_many_relevant.started,how_many_relevant.stopped,how_many_relevant_slider.response,how_many_relevant_slider.rt,button_continue_relevance.numClicks,button_continue_relevance.timesOn,button_continue_relevance.timesOff,how_many_feedback.started,how_many_feedback.stopped,how_many_feedback_button.numClicks,how_many_feedback_button.timesOn,how_many_feedback_button.timesOff,Instruction_Screen.started,Instruction_Screen.stopped,instruct_button.numClicks,instruct_button.timesOn,instruct_button.timesOff,Welcome_Screen3.started,Welcome_Screen3.stopped,button_start_3.numClicks,button_start_3.timesOn,button_start_3.timesOff,feedback.started,feedback.stopped,continue_button_feedback.numClicks,continue_button_feedback.timesOn,continue_button_feedback.timesOff,explanation_box.text,ISI.started,ISI.stopped,trials.thisRepN,trials.thisTrialN,trials.thisN,trials.thisIndex,trials.ran,tail,color,shape,image_file,phase,rep,trial_num,food_amount,category,relevant_dim_1,relevant_dim_2,irrelevant_dim,shape_high,shape_low,color_high,color_low,tail_rel,color_rel,shape_rel,tail_high,tail_low,participant_id,food_image_file,images_list,testing_categories,Test_Screen.started,Test_Screen.stopped,button_3.numClicks,button_3.timesOn,button_3.timesOff,Final_Questions_Averages.started,Final_Questions_Averages.stopped,sliderRatings,button_4.numClicks,button_4.timesOn,button_4.timesOff,trials_3.thisRepN,trials_3.thisTrialN,trials_3.thisN,trials_3.thisIndex,trials_3.ran,Looped_Final_Questions.started,Looped_Final_Questions.stopped,continuous_slider.response,continuous_slider.rt,discrete_slider.response,discrete_slider.rt,direction_slider.response,direction_slider.rt,button_final.numClicks,button_final.timesOn,button_final.timesOff,question_loop.thisRepN,question_loop.thisTrialN,question_loop.thisN,question_loop.thisIndex,question_loop.ran,feature,prompt_discrete,prompt_continuous,question_text,direction_labels,direction_response_label,attention_check.started,attention_check.stopped,button_1_wrong.numClicks,button_1_wrong.timesOn,button_1_wrong.timesOff,button_2_wrong.numClicks,button_2_wrong.timesOn,button_2_wrong.timesOff,button_3_correct.numClicks,button_3_correct.timesOn,button_3_correct.timesOff,button_4_wrong.numClicks,button_4_wrong.timesOn,button_4_wrong.timesOff,Goodbye_Screen.started,Goodbye_Screen.stopped,feedback_text.text,button_end.numClicks,button_end.timesOn,button_end.timesOff,survey_debrief.block_1/debriefComplete
yes,001,2026-01-09_10h16.56.528,explain2,2025.1.1,MacIntel,111.6071429,,,,,,,,,,,,,,,,,,,,,,,,,,,,,,,,,,,,,,,,,,,,,,,,,,,,,,,,,,,,,,,,,,,,,,,,,,,,,,,,,,,,,,,,,,,,,,,,,,,,,,,,,,,,,,,,,,,,,,,,,,,,,,,,,,,,,,,,,,,,,,,,,,,,,
,001,2026-01-09_10h16.56.528,explain2,2025.1.1,MacIntel,111.6071429,2,2,,,,,,,,,,,,,,,,,,,,,,,,,,,,,,,,,,,,,,,,,,,,,,,,,,,,,,,,,,,,,,,,,,,,,,,,,,,,,,,,,,,,,,,,,,,,,,,,,,,,,,,,,,,,,,,,,,,,,,,,,,,,,,,,,,,,,,,,,,,,,,,,,,,
,001,2026-01-09_10h16.56.528,explain2,2025.1.1,MacIntel,111.6071429,,,2.001,5.571,1,[0.5760000000000005],[0.5760000000000005],,,,,,,,,,,,,,,,,,,,,,,,,,,,,,,,,,,,,,,,,,,,,,,,,,,,,,,,,,,,,,,,,,,,,,,,,,,,,,,,,,,,,,,,,,,,,,,,,,,,,,,,,,,,,,,,,,,,,,,,,,,,,,,,,,,,,,,,,,,,,,
,001,2026-01-09_10h16.56.528,explain2,2025.1.1,MacIntel,111.6071429,,,,,,,,5.571,8.904,1,[0.33399999999999963],[0.33399999999999963],,,,,,,,,,,,,,,,,,,,,,,,,,,,,,,,,,,,,,,,,,,,,,,,,,,,,,,,,,,,,,,,,,,,,,,,,,,,,,,,,,,,,,,,,,,,,,,,,,,,,,,,,,,,,,,,,,,,,,,,,,,,,,,,,,,,,,,,,
,001,2026-01-09_10h16.56.528,explain2,2025.1.1,MacIntel,111.6071429,,,,,,,,,,,,,8.905,14.871,Yes,5.315,Yes,4.648,Yes,3.957,No,3.465,1,[0.6580000000000013],[0.6580000000000013],,,,,,,,,,,,,,,,,,,,,,,,,,,,,,,,,,,,,,,,,,,,,,,,,,,,,,,,,,,,,,,,,,,,,,,,,,,,,,,,,,,,,,,,,,,,,,,,,,,,,,,,,,,,,,,,,,,,,,,,,,,,
,001,2026-01-09_10h16.56.528,explain2,2025.1.1,MacIntel,111.6071429,,,,,,,,,,,,,,,,,,,,,,,,,,14.871,18.329,1,[0.4660000000000011],[0.4660000000000011],,,,,,,,,,,,,,,,,,,,,,,,,,,,,,,,,,,,,,,,,,,,,,,,,,,,,,,,,,,,,,,,,,,,,,,,,,,,,,,,,,,,,,,,,,,,,,,,,,,,,,,,,,,,,,,,,,,,,,,
,001,2026-01-09_10h16.56.528,explain2,2025.1.1,MacIntel,111.6071429,,,,,,,,,,,,,,,,,,,,,,,,,,,,,,,18.33,20.046,Any of These,1.314,1,[0.4089999999999989],[0.4089999999999989],,,,,,,,,,,,,,,,,,,,,,,,,,,,,,,,,,,,,,,,,,,,,,,,,,,,,,,,,,,,,,,,,,,,,,,,,,,,,,,,,,,,,,,,,,,,,,,,,,,,,,,,,,,,,,,,
,001,2026-01-09_10h16.56.528,explain2,2025.1.1,MacIntel,111.6071429,,,,,,,,,,,,,,,,,,,,,,,,,,,,,,,,,,,,,,20.046,23.846,1,[0.8089999999999975],[0.8089999999999975],,,,,,,,,,,,,,,,,,,,,,,,,,,,,,,,,,,,,,,,,,,,,,,,,,,,,,,,,,,,,,,,,,,,,,,,,,,,,,,,,,,,,,,,,,,,,,,,,,,,,,,,,,,
,001,2026-01-09_10h16.56.528,explain2,2025.1.1,MacIntel,111.6071429,,,,,,,,,,,,,,,,,,,,,,,,,,,,,,,,,,,,,,,,,,,23.846,27.33,1,[0.49199999999999733],[0.49199999999999733],,,,,,,,,,,,,,,,,,,,,,,,,,,,,,,,,,,,,,,,,,,,,,,,,,,,,,,,,,,,,,,,,,,,,,,,,,,,,,,,,,,,,,,,,,,,,,,,,,,,,,
,001,2026-01-09_10h16.56.528,explain2,2025.1.1,MacIntel,111.6071429,,,,,,,,,,,,,,,,,,,,,,,,,,,,,,,,,,,,,,,,,,,,,,,,27.33,30.588,1,[0.267000000000003],[0.267000000000003],,,,,,,,,,,,,,,,,,,,,,,,,,,,,,,,,,,,,,,,,,,,,,,,,,,,,,,,,,,,,,,,,,,,,,,,,,,,,,,,,,,,,,,,,,,,,,,,,
,001,2026-01-09_10h16.56.528,explain2,2025.1.1,MacIntel,111.6071429,,,,,,,,,,,,,,,,,,,,,,,,,,,,,,,,,,,,,,,,,,,,,,,,,,,,,30.592,33.83,1,[0.24200000000000443],[0.24200000000000443],a,33.83,34.329,0,0,0,0,1,N,Y,S,N_Y_S.png,training,1,1,4,low,shape,color,tail,C,S,B,Y,I1,L2,L1,N,T,1,4_food.png,"Resources/N_Y_C.png,Resources/N_Y_S.png,Resources/N_B_C.png,Resources/T_B_C.png,Resources/T_Y_S.png,Resources/T_B_S.png,Resources/N_B_S.png,Resources/T_Y_C.png","medium,low,high,high,low,medium,medium,medium",,,,,,,,,,,,,,,,,,,,,,,,,,,,,,,,,,,,,,,,,,,,,,,,,,,,,,,,,,,
,001,2026-01-09_10h16.56.528,explain2,2025.1.1,MacIntel,111.6071429,,,,,,,,,,,,,,,,,,,,,,,,,,,,,,,,,,,,,,,,,,,,,,,,,,,,,34.332,37.571,1,[0.24199999999999733],[0.24199999999999733],a,37.572,38.071,0,1,1,1,1,N,B,S,N_B_S.png,training,1,2,4,medium,shape,color,tail,C,S,B,Y,I1,H2,L1,N,T,1,4_food.png,"Resources/N_Y_C.png,Resources/N_Y_S.png,Resources/N_B_C.png,Resources/T_B_C.png,Resources/T_Y_S.png,Resources/T_B_S.png,Resources/N_B_S.png,Resources/T_Y_C.png","medium,low,high,high,low,medium,medium,medium",,,,,,,,,,,,,,,,,,,,,,,,,,,,,,,,,,,,,,,,,,,,,,,,,,,,,,,,,,,
,001,2026-01-09_10h16.56.528,explain2,2025.1.1,MacIntel,111.6071429,,,,,,,,,,,,,,,,,,,,,,,,,,,,,,,,,,,,,,,,,,,,,,,,,,,,,38.074,41.375,1,[0.30799999999999983],[0.30799999999999983],a,41.375,41.876,0,2,2,2,1,N,B,C,N_B_C.png,training,1,3,7,high,shape,color,tail,C,S,B,Y,I1,H2,H1,N,T,1,7_food.png,"Resources/N_Y_C.png,Resources/N_Y_S.png,Resources/N_B_C.png,Resources/T_B_C.png,Resources/T_Y_S.png,Resources/T_B_S.png,Resources/N_B_S.png,Resources/T_Y_C.png","medium,low,high,high,low,medium,medium,medium",,,,,,,,,,,,,,,,,,,,,,,,,,,,,,,,,,,,,,,,,,,,,,,,,,,,,,,,,,,
,001,2026-01-09_10h16.56.528,explain2,2025.1.1,MacIntel,111.6071429,,,,,,,,,,,,,,,,,,,,,,,,,,,,,,,,,,,,,,,,,,,,,,,,,,,,,41.88,45.125,1,[0.25800000000000267],[0.25800000000000267],a,45.125,45.626,0,3,3,3,1,T,B,C,T_B_C.png,training,1,4,9,high,shape,color,tail,C,S,B,Y,I2,H2,H1,N,T,1,9_food.png,"Resources/N_Y_C.png,Resources/N_Y_S.png,Resources/N_B_C.png,Resources/T_B_C.png,Resources/T_Y_S.png,Resources/T_B_S.png,Resources/N_B_S.png,Resources/T_Y_C.png","medium,low,high,high,low,medium,medium,medium",,,,,,,,,,,,,,,,,,,,,,,,,,,,,,,,,,,,,,,,,,,,,,,,,,,,,,,,,,,
,001,2026-01-09_10h16.56.528,explain2,2025.1.1,MacIntel,111.6071429,,,,,,,,,,,,,,,,,,,,,,,,,,,,,,,,,,,,,,,,,,,,,,,,,,,,,45.629,48.858,1,[0.232999999999997],[0.232999999999997],a,48.859,49.358,0,4,4,4,1,T,Y,C,T_Y_C.png,training,1,5,6,medium,shape,color,tail,C,S,B,Y,I2,L2,H1,N,T,1,6_food.png,"Resources/N_Y_C.png,Resources/N_Y_S.png,Resources/N_B_C.png,Resources/T_B_C.png,Resources/T_Y_S.png,Resources/T_B_S.png,Resources/N_B_S.png,Resources/T_Y_C.png","medium,low,high,high,low,medium,medium,medium",,,,,,,,,,,,,,,,,,,,,,,,,,,,,,,,,,,,,,,,,,,,,,,,,,,,,,,,,,,
,001,2026-01-09_10h16.56.528,explain2,2025.1.1,MacIntel,111.6071429,,,,,,,,,,,,,,,,,,,,,,,,,,,,,,,,,,,,,,,,,,,,,,,,,,,,,49.361,52.609,1,[0.25],[0.25],a,52.609,53.109,0,5,5,5,1,N,Y,C,N_Y_C.png,training,1,6,5,medium,shape,color,tail,C,S,B,Y,I1,L2,H1,N,T,1,5_food.png,"Resources/N_Y_C.png,Resources/N_Y_S.png,Resources/N_B_C.png,Resources/T_B_C.png,Resources/T_Y_S.png,Resources/T_B_S.png,Resources/N_B_S.png,Resources/T_Y_C.png","medium,low,high,high,low,medium,medium,medium",,,,,,,,,,,,,,,,,,,,,,,,,,,,,,,,,,,,,,,,,,,,,,,,,,,,,,,,,,,
,001,2026-01-09_10h16.56.528,explain2,2025.1.1,MacIntel,111.6071429,,,,,,,,,,,,,,,,,,,,,,,,,,,,,,,,,,,,,,,,,,,,,,,,,,,,,53.112,56.35,1,[0.24199999999999733],[0.24199999999999733],a,56.35,56.85,0,6,6,6,1,T,Y,S,T_Y_S.png,training,1,7,2,low,shape,color,tail,C,S,B,Y,I2,L2,L1,N,T,1,2_food.png,"Resources/N_Y_C.png,Resources/N_Y_S.png,Resources/N_B_C.png,Resources/T_B_C.png,Resources/T_Y_S.png,Resources/T_B_S.png,Resources/N_B_S.png,Resources/T_Y_C.png","medium,low,high,high,low,medium,medium,medium",,,,,,,,,,,,,,,,,,,,,,,,,,,,,,,,,,,,,,,,,,,,,,,,,,,,,,,,,,,
,001,2026-01-09_10h16.56.528,explain2,2025.1.1,MacIntel,111.6071429,,,,,,,,,,,,,,,,,,,,,,,,,,,,,,,,,,,,,,,,,,,,,,,,,,,,,56.852,60.108,1,[0.26600000000000534],[0.26600000000000534],a,60.109,60.608,0,7,7,7,1,T,B,S,T_B_S.png,training,1,8,2,medium,shape,color,tail,C,S,B,Y,I2,H2,L1,N,T,1,2_food.png,"Resources/N_Y_C.png,Resources/N_Y_S.png,Resources/N_B_C.png,Resources/T_B_C.png,Resources/T_Y_S.png,Resources/T_B_S.png,Resources/N_B_S.png,Resources/T_Y_C.png","medium,low,high,high,low,medium,medium,medium",,,,,,,,,,,,,,,,,,,,,,,,,,,,,,,,,,,,,,,,,,,,,,,,,,,,,,,,,,,
,001,2026-01-09_10h16.56.528,explain2,2025.1.1,MacIntel,111.6071429,,,,,,,,,,,,,,,,,,,,,,,,,,,,,,,,,,,,,,,,,,,,,,,,,,,,,60.614,63.917,1,[0.3079999999999927],[0.3079999999999927],a,63.917,64.417,0,8,8,8,1,T,B,C,T_B_C.png,training,2,9,7,high,shape,color,tail,C,S,B,Y,I2,H2,H1,N,T,1,7_food.png,"Resources/N_Y_C.png,Resources/N_Y_S.png,Resources/N_B_C.png,Resources/T_B_C.png,Resources/T_Y_S.png,Resources/T_B_S.png,Resources/N_B_S.png,Resources/T_Y_C.png","medium,low,high,high,low,medium,medium,medium",,,,,,,,,,,,,,,,,,,,,,,,,,,,,,,,,,,,,,,,,,,,,,,,,,,,,,,,,,,
,001,2026-01-09_10h16.56.528,explain2,2025.1.1,MacIntel,111.6071429,,,,,,,,,,,,,,,,,,,,,,,,,,,,,,,,,,,,,,,,,,,,,,,,,,,,,64.42,67.659,1,[0.24200000000000443],[0.24200000000000443],a,67.659,68.158,0,9,9,9,1,N,Y,C,N_Y_C.png,training,2,10,2,medium,shape,color,tail,C,S,B,Y,I1,L2,H1,N,T,1,2_food.png,"Resources/N_Y_C.png,Resources/N_Y_S.png,Resources/N_B_C.png,Resources/T_B_C.png,Resources/T_Y_S.png,Resources/T_B_S.png,Resources/N_B_S.png,Resources/T_Y_C.png","medium,low,high,high,low,medium,medium,medium",,,,,,,,,,,,,,,,,,,,,,,,,,,,,,,,,,,,,,,,,,,,,,,,,,,,,,,,,,,
,001,2026-01-09_10h16.56.528,explain2,2025.1.1,MacIntel,111.6071429,,,,,,,,,,,,,,,,,,,,,,,,,,,,,,,,,,,,,,,,,,,,,,,,,,,,,68.161,71.392,1,[0.23400000000000887],[0.23400000000000887],a,71.392,71.892,0,10,10,10,1,T,B,S,T_B_S.png,training,2,11,6,medium,shape,color,tail,C,S,B,Y,I2,H2,L1,N,T,1,6_food.png,"Resources/N_Y_C.png,Resources/N_Y_S.png,Resources/N_B_C.png,Resources/T_B_C.png,Resources/T_Y_S.png,Resources/T_B_S.png,Resources/N_B_S.png,Resources/T_Y_C.png","medium,low,high,high,low,medium,medium,medium",,,,,,,,,,,,,,,,,,,,,,,,,,,,,,,,,,,,,,,,,,,,,,,,,,,,,,,,,,,
,001,2026-01-09_10h16.56.528,explain2,2025.1.1,MacIntel,111.6071429,,,,,,,,,,,,,,,,,,,,,,,,,,,,,,,,,,,,,,,,,,,,,,,,,,,,,71.896,75.154,1,[0.2670000000000101],[0.2670000000000101],a,75.154,75.655,0,11,11,11,1,T,Y,C,T_Y_C.png,training,2,12,5,medium,shape,color,tail,C,S,B,Y,I2,L2,H1,N,T,1,5_food.png,"Resources/N_Y_C.png,Resources/N_Y_S.png,Resources/N_B_C.png,Resources/T_B_C.png,Resources/T_Y_S.png,Resources/T_B_S.png,Resources/N_B_S.png,Resources/T_Y_C.png","medium,low,high,high,low,medium,medium,medium",,,,,,,,,,,,,,,,,,,,,,,,,,,,,,,,,,,,,,,,,,,,,,,,,,,,,,,,,,,
,001,2026-01-09_10h16.56.528,explain2,2025.1.1,MacIntel,111.6071429,,,,,,,,,,,,,,,,,,,,,,,,,,,,,,,,,,,,,,,,,,,,,,,,,,,,,75.658,78.925,1,[0.2750000000000057],[0.2750000000000057],aa,78.925,79.425,0,12,12,12,1,T,Y,S,T_Y_S.png,training,2,13,4,low,shape,color,tail,C,S,B,Y,I2,L2,L1,N,T,1,4_food.png,"Resources/N_Y_C.png,Resources/N_Y_S.png,Resources/N_B_C.png,Resources/T_B_C.png,Resources/T_Y_S.png,Resources/T_B_S.png,Resources/N_B_S.png,Resources/T_Y_C.png","medium,low,high,high,low,medium,medium,medium",,,,,,,,,,,,,,,,,,,,,,,,,,,,,,,,,,,,,,,,,,,,,,,,,,,,,,,,,,,
,001,2026-01-09_10h16.56.528,explain2,2025.1.1,MacIntel,111.6071429,,,,,,,,,,,,,,,,,,,,,,,,,,,,,,,,,,,,,,,,,,,,,,,,,,,,,79.427,82.467,1,[0.04199999999998738],[0.04199999999998738],a,82.467,82.968,0,13,13,13,1,N,B,S,N_B_S.png,training,2,14,5,medium,shape,color,tail,C,S,B,Y,I1,H2,L1,N,T,1,5_food.png,"Resources/N_Y_C.png,Resources/N_Y_S.png,Resources/N_B_C.png,Resources/T_B_C.png,Resources/T_Y_S.png,Resources/T_B_S.png,Resources/N_B_S.png,Resources/T_Y_C.png","medium,low,high,high,low,medium,medium,medium",,,,,,,,,,,,,,,,,,,,,,,,,,,,,,,,,,,,,,,,,,,,,,,,,,,,,,,,,,,
,001,2026-01-09_10h16.56.528,explain2,2025.1.1,MacIntel,111.6071429,,,,,,,,,,,,,,,,,,,,,,,,,,,,,,,,,,,,,,,,,,,,,,,,,,,,,82.97,86.358,1,[0.39100000000000534],[0.39100000000000534],a,86.358,86.859,0,14,14,14,1,N,Y,S,N_Y_S.png,training,2,15,1,low,shape,color,tail,C,S,B,Y,I1,L2,L1,N,T,1,1_food.png,"Resources/N_Y_C.png,Resources/N_Y_S.png,Resources/N_B_C.png,Resources/T_B_C.png,Resources/T_Y_S.png,Resources/T_B_S.png,Resources/N_B_S.png,Resources/T_Y_C.png","medium,low,high,high,low,medium,medium,medium",,,,,,,,,,,,,,,,,,,,,,,,,,,,,,,,,,,,,,,,,,,,,,,,,,,,,,,,,,,
,001,2026-01-09_10h16.56.528,explain2,2025.1.1,MacIntel,111.6071429,,,,,,,,,,,,,,,,,,,,,,,,,,,,,,,,,,,,,,,,,,,,,,,,,,,,,86.861,90.117,1,[0.25900000000000034],[0.25900000000000034],a,90.117,90.616,0,15,15,15,1,N,B,C,N_B_C.png,training,2,16,8,high,shape,color,tail,C,S,B,Y,I1,H2,H1,N,T,1,8_food.png,"Resources/N_Y_C.png,Resources/N_Y_S.png,Resources/N_B_C.png,Resources/T_B_C.png,Resources/T_Y_S.png,Resources/T_B_S.png,Resources/N_B_S.png,Resources/T_Y_C.png","medium,low,high,high,low,medium,medium,medium",,,,,,,,,,,,,,,,,,,,,,,,,,,,,,,,,,,,,,,,,,,,,,,,,,,,,,,,,,,
,001,2026-01-09_10h16.56.528,explain2,2025.1.1,MacIntel,111.6071429,,,,,,,,,,,,,,,,,,,,,,,,,,,,,,,,,,,,,,,,,,,,,,,,,,,,,90.619,93.835,1,[0.21800000000000352],[0.21800000000000352],a,93.835,94.333,0,16,16,16,1,N,B,S,N_B_S.png,training,3,17,5,medium,shape,color,tail,C,S,B,Y,I1,H2,L1,N,T,1,5_food.png,"Resources/N_Y_C.png,Resources/N_Y_S.png,Resources/N_B_C.png,Resources/T_B_C.png,Resources/T_Y_S.png,Resources/T_B_S.png,Resources/N_B_S.png,Resources/T_Y_C.png","medium,low,high,high,low,medium,medium,medium",,,,,,,,,,,,,,,,,,,,,,,,,,,,,,,,,,,,,,,,,,,,,,,,,,,,,,,,,,,
,001,2026-01-09_10h16.56.528,explain2,2025.1.1,MacIntel,111.6071429,,,,,,,,,,,,,,,,,,,,,,,,,,,,,,,,,,,,,,,,,,,,,,,,,,,,,94.341,97.567,1,[0.2330000000000041],[0.2330000000000041],a,97.567,98.067,0,17,17,17,1,T,B,C,T_B_C.png,training,3,18,5,high,shape,color,tail,C,S,B,Y,I2,H2,H1,N,T,1,5_food.png,"Resources/N_Y_C.png,Resources/N_Y_S.png,Resources/N_B_C.png,Resources/T_B_C.png,Resources/T_Y_S.png,Resources/T_B_S.png,Resources/N_B_S.png,Resources/T_Y_C.png","medium,low,high,high,low,medium,medium,medium",,,,,,,,,,,,,,,,,,,,,,,,,,,,,,,,,,,,,,,,,,,,,,,,,,,,,,,,,,,
,001,2026-01-09_10h16.56.528,explain2,2025.1.1,MacIntel,111.6071429,,,,,,,,,,,,,,,,,,,,,,,,,,,,,,,,,,,,,,,,,,,,,,,,,,,,,98.072,101.542,1,[0.4750000000000085],[0.4750000000000085],a,101.543,102.042,0,18,18,18,1,T,Y,S,T_Y_S.png,training,3,19,2,low,shape,color,tail,C,S,B,Y,I2,L2,L1,N,T,1,2_food.png,"Resources/N_Y_C.png,Resources/N_Y_S.png,Resources/N_B_C.png,Resources/T_B_C.png,Resources/T_Y_S.png,Resources/T_B_S.png,Resources/N_B_S.png,Resources/T_Y_C.png","medium,low,high,high,low,medium,medium,medium",,,,,,,,,,,,,,,,,,,,,,,,,,,,,,,,,,,,,,,,,,,,,,,,,,,,,,,,,,,
,001,2026-01-09_10h16.56.528,explain2,2025.1.1,MacIntel,111.6071429,,,,,,,,,,,,,,,,,,,,,,,,,,,,,,,,,,,,,,,,,,,,,,,,,,,,,102.046,105.046,1,[0.007999999999995566],[0.007999999999995566],a,105.046,105.547,0,19,19,19,1,N,Y,S,N_Y_S.png,training,3,20,6,low,shape,color,tail,C,S,B,Y,I1,L2,L1,N,T,1,6_food.png,"Resources/N_Y_C.png,Resources/N_Y_S.png,Resources/N_B_C.png,Resources/T_B_C.png,Resources/T_Y_S.png,Resources/T_B_S.png,Resources/N_B_S.png,Resources/T_Y_C.png","medium,low,high,high,low,medium,medium,medium",,,,,,,,,,,,,,,,,,,,,,,,,,,,,,,,,,,,,,,,,,,,,,,,,,,,,,,,,,,
,001,2026-01-09_10h16.56.528,explain2,2025.1.1,MacIntel,111.6071429,,,,,,,,,,,,,,,,,,,,,,,,,,,,,,,,,,,,,,,,,,,,,,,,,,,,,105.549,108.88,1,[0.3329999999999984],[0.3329999999999984],a,108.88,109.379,0,20,20,20,1,N,Y,C,N_Y_C.png,training,3,21,4,medium,shape,color,tail,C,S,B,Y,I1,L2,H1,N,T,1,4_food.png,"Resources/N_Y_C.png,Resources/N_Y_S.png,Resources/N_B_C.png,Resources/T_B_C.png,Resources/T_Y_S.png,Resources/T_B_S.png,Resources/N_B_S.png,Resources/T_Y_C.png","medium,low,high,high,low,medium,medium,medium",,,,,,,,,,,,,,,,,,,,,,,,,,,,,,,,,,,,,,,,,,,,,,,,,,,,,,,,,,,
,001,2026-01-09_10h16.56.528,explain2,2025.1.1,MacIntel,111.6071429,,,,,,,,,,,,,,,,,,,,,,,,,,,,,,,,,,,,,,,,,,,,,,,,,,,,,109.383,112.608,1,[0.2330000000000041],[0.2330000000000041],a,112.608,113.109,0,21,21,21,1,N,B,C,N_B_C.png,training,3,22,7,high,shape,color,tail,C,S,B,Y,I1,H2,H1,N,T,1,7_food.png,"Resources/N_Y_C.png,Resources/N_Y_S.png,Resources/N_B_C.png,Resources/T_B_C.png,Resources/T_Y_S.png,Resources/T_B_S.png,Resources/N_B_S.png,Resources/T_Y_C.png","medium,low,high,high,low,medium,medium,medium",,,,,,,,,,,,,,,,,,,,,,,,,,,,,,,,,,,,,,,,,,,,,,,,,,,,,,,,,,,
,001,2026-01-09_10h16.56.528,explain2,2025.1.1,MacIntel,111.6071429,,,,,,,,,,,,,,,,,,,,,,,,,,,,,,,,,,,,,,,,,,,,,,,,,,,,,113.111,116.367,1,[0.2669999999999959],[0.2669999999999959],a,116.368,116.867,0,22,22,22,1,T,B,S,T_B_S.png,training,3,23,4,medium,shape,color,tail,C,S,B,Y,I2,H2,L1,N,T,1,4_food.png,"Resources/N_Y_C.png,Resources/N_Y_S.png,Resources/N_B_C.png,Resources/T_B_C.png,Resources/T_Y_S.png,Resources/T_B_S.png,Resources/N_B_S.png,Resources/T_Y_C.png","medium,low,high,high,low,medium,medium,medium",,,,,,,,,,,,,,,,,,,,,,,,,,,,,,,,,,,,,,,,,,,,,,,,,,,,,,,,,,,
,001,2026-01-09_10h16.56.528,explain2,2025.1.1,MacIntel,111.6071429,,,,,,,,,,,,,,,,,,,,,,,,,,,,,,,,,,,,,,,,,,,,,,,,,,,,,116.869,120.151,1,[0.2920000000000016],[0.2920000000000016],a,120.151,120.65,0,23,23,23,1,T,Y,C,T_Y_C.png,training,3,24,3,medium,shape,color,tail,C,S,B,Y,I2,L2,H1,N,T,1,3_food.png,"Resources/N_Y_C.png,Resources/N_Y_S.png,Resources/N_B_C.png,Resources/T_B_C.png,Resources/T_Y_S.png,Resources/T_B_S.png,Resources/N_B_S.png,Resources/T_Y_C.png","medium,low,high,high,low,medium,medium,medium",,,,,,,,,,,,,,,,,,,,,,,,,,,,,,,,,,,,,,,,,,,,,,,,,,,,,,,,,,,
,001,2026-01-09_10h16.56.528,explain2,2025.1.1,MacIntel,111.6071429,,,,,,,,,,,,,,,,,,,,,,,,,,,,,,,,,,,,,,,,,,,,,,,,,,,,,,,,,,,,,,,,,,,,,,,,,,,,,,,,,,,,,,,,,,,120.65,124.059,1,[0.4159999999999968],[0.4159999999999968],,,,,,,,,,,,,,,,,,,,,,,,,,,,,,,,,,,,,,,,,,,,,,,,,,,,,,
,001,2026-01-09_10h16.56.528,explain2,2025.1.1,MacIntel,111.6071429,,,,,,,,,,,,,,,,,,,,,,,,,,,,,,,,,,,,,,,,,,,,,,,,,,,,,,,,,,,,,,,,,,N,Y,S,N_Y_S.png,training,1,1,4,low,shape,color,tail,C,S,B,Y,I1,L2,L1,N,T,1,4_food.png,"Resources/N_Y_C.png,Resources/N_Y_S.png,Resources/N_B_C.png,Resources/T_B_C.png,Resources/T_Y_S.png,Resources/T_B_S.png,Resources/N_B_S.png,Resources/T_Y_C.png","medium,low,high,high,low,medium,medium,medium",,,,,,124.073,141.575,"[5,3,7,7,3,3,5,5]",1,[1.2079999999999984],[1.2079999999999984],0,0,0,0,1,,,,,,,,,,,,,,,,,,,,,,,,,,,,,,,,,,,,,,,,,,,
,001,2026-01-09_10h16.56.528,explain2,2025.1.1,MacIntel,111.6071429,,,,,,,,,,,,,,,,,,,,,,,,,,,,,,,,,,,,,,,,,,,,,,,,,,,,,,,,,,,,,,,,,,,,,,,,,,,,,,,,,,,,,,,,,,,,,,,,,,,,,,,,,,,141.577,147.734,,,No,2.488,,,1,[3.674999999999983],[3.674999999999983],0,0,0,2,1,shape,Did the SHAPE change?,Now you will answer some questions about what you have learned. With respect to the BODY of sperks,Did body shape matter to how much food sperks ate?,"Square, Circular",,,,,,,,,,,,,,,,,,,,,,
,001,2026-01-09_10h16.56.528,explain2,2025.1.1,MacIntel,111.6071429,,,,,,,,,,,,,,,,,,,,,,,,,,,,,,,,,,,,,,,,,,,,,,,,,,,,,,,,,,,,,,,,,,,,,,,,,,,,,,,,,,,,,,,,,,,,,,,,,,,,,,,,,,,147.735,153.834,,,No,2.296,,,1,[3.808000000000021],[3.808000000000021],0,1,1,0,1,color,Did the COLOR change?,Now you will answer some questions about what you have learned. With respect to the COLOR of sperks,Did color matter to how much food sperks ate?,"Blue, Yellow",,,,,,,,,,,,,,,,,,,,,,
,001,2026-01-09_10h16.56.528,explain2,2025.1.1,MacIntel,111.6071429,,,,,,,,,,,,,,,,,,,,,,,,,,,,,,,,,,,,,,,,,,,,,,,,,,,,,,,,,,,,,,,,,,,,,,,,,,,,,,,,,,,,,,,,,,,,,,,,,,,,,,,,,,,153.837,164.842,4,10.579,Yes,0.936,1,7.604,1,[0.4329999999999927],[0.4329999999999927],0,2,2,1,1,tail,Did the TAIL change?,Now you will answer some questions about what you have learned. With respect to the TAIL of sperks,Did tail shape matter to how much food sperks ate?,"Curly, Straight", Straight,,,,,,,,,,,,,,,,,,,,,
,001,2026-01-09_10h16.56.528,explain2,2025.1.1,MacIntel,111.6071429,,,,,,,,,,,,,,,,,,,,,,,,,,,,,,,,,,,,,,,,,,,,,,,,,,,,,,,,,,,,,,,,,,,,,,,,,,,,,,,,,,,,,,,,,,,,,,,,,,,,,,,,,,,,,,,,,,,,,,,,,,,,,,,,,164.843,167.85,0,[],[],0,[],[],1,[1.0159999999999911],[1.0159999999999911],0,[],[],,,,,,,
,001,2026-01-09_10h16.56.528,explain2,2025.1.1,MacIntel,111.6071429,,,,,,,,,,,,,,,,,,,,,,,,,,,,,,,,,,,,,,,,,,,,,,,,,,,,,,,,,,,,,,,,,,,,,,,,,,,,,,,,,,,,,,,,,,,,,,,,,,,,,,,,,,,,,,,,,,,,,,,,,,,,,,,,,,,,,,,,,,,,,,,167.851,171.168,a,1,[0.3170000000000073],[0.3170000000000073],
,001,2026-01-09_10h16.56.528,explain2,2025.1.1,MacIntel,111.6071429,,,,,,,,,,,,,,,,,,,,,,,,,,,,,,,,,,,,,,,,,,,,,,,,,,,,,,,,,,,,,,,,,,,,,,,,,,,,,,,,,,,,,,,,,,,,,,,,,,,,,,,,,,,,,,,,,,,,,,,,,,,,,,,,,,,,,,,,,,,,,,,,,,,,,complete
